{"Impressions": {"0": 1019254, "1": 302155, "2": 162344, "3": 152386, "4": 79603, "5": 87301, "6": 110007, "7": 249973, "8": 356247, "9": 395686, "10": 643247, "11": 660832, "12": 664812, "13": 726560, "14": 656197, "15": 719544, "16": 717973, "17": 685501, "18": 743429, "19": 547961, "20": 602121, "21": 499067, "22": 849780, "23": 605107}, "Clicks": {"0": 964, "1": 260, "2": 99, "3": 126, "4": 54, "5": 79, "6": 82, "7": 208, "8": 238, "9": 238, "10": 398, "11": 426, "12": 468, "13": 529, "14": 500, "15": 605, "16": 515, "17": 516, "18": 664, "19": 487, "20": 546, "21": 472, "22": 771, "23": 733}, "CTR": {"0": 0.0009457897638861364, "1": 0.0008604855124025748, "2": 0.000609816192775834, "3": 0.0008268476106728965, "4": 0.0006783663932263859, "5": 0.0009049151785202918, "6": 0.0007454071104566073, "7": 0.0008320898657054962, "8": 0.0006680758013400815, "9": 0.0006014870377016118, "10": 0.000618735882172789, "11": 0.0006446419059609705, "12": 0.000703958412303027, "13": 0.0007280885267562211, "14": 0.0007619662997544944, "15": 0.0008408102909620537, "16": 0.0007172971685564778, "17": 0.0007527341316788743, "18": 0.0008931585934904342, "19": 0.0008887493817990697, "20": 0.0009067944815078696, "21": 0.0009457647971114098, "22": 0.0009072936524747581, "23": 0.0012113560081109622}}